{
  "Name": "Spectral Gate",
  "Version": "0.0.1",
  "Factory Info": {
    "Vendor": "Valerio Galante",
    "URL": "",
    "E-Mail": "",
    "Flags": {
      "Unicode": true,
      "Classes Discardable": false,
      "Component Non Discardable": false,
    },
  },
  "Classes": [
    {
      "CID": "ABCDEF019182FAEB5647616C56475347",
      "Category": "Audio Module Class",
      "Name": "Spectral Gate",
      "Vendor": "Valerio Galante",
      "Version": "0.0.1",
      "SDKVersion": "VST 3.7.12",
      "Sub Categories": [
        "Fx",
      ],
      "Class Flags": 0,
      "Cardinality": 2147483647,
      "Snapshots": [
      ],
    },
    {
      "CID": "ABCDEF011234ABCD5647616C56475347",
      "Category": "Component Controller Class",
      "Name": "Spectral Gate",
      "Vendor": "Valerio Galante",
      "Version": "0.0.1",
      "SDKVersion": "VST 3.7.12",
      "Sub Categories": [
        "Fx",
      ],
      "Class Flags": 0,
      "Cardinality": 2147483647,
      "Snapshots": [
      ],
    },
    {
      "CID": "ABCDEF01C0DEF00D5647616C56475347",
      "Category": "Plugin Compatibility Class",
      "Name": "Spectral Gate",
      "Vendor": "Valerio Galante",
      "Version": "0.0.1",
      "SDKVersion": "VST 3.7.12",
      "Class Flags": 0,
      "Cardinality": 2147483647,
      "Snapshots": [
      ],
    },
  ],
}